,,,,,,,,,,
,no,devil,lived,on,,,,,,
,,,,,,,,,,
,rats,live,on,no,evil,star,,,,
,,,,,,,,,,
,live,was,I,ere,I,saw,evil,,,
,,,,,,,,,,
,name,now,one,man,,,,,,
,,,,,,,,,,
,pull,up,if,I,pull,up,,,,
,,,,,,,,,,
,too,bad,I,hid,a,boot,,,,
,,,,,,,,,,
,was,it,a,cat,I,saw,,,,
,,,,,,,,,,
,we,panic,in,a,pew,,,,,
,,,,,,,,,,
,too,hot,to,hoot,,,,,,
,,,,,,,,,,
,go,deliver,a,vile,evil,dog,,,,
,,,,,,,,,,
,do,geese,see,god,,,,,,
,,,,,,,,,,
,now,do,I,repay,a,period,won,,,
,,,,,,,,,,
,some,men,interpret,nine,memos,,,,,
,,,,,,,,,,
,draw,no,dray,a,yard,onward,,,,
,,,,,,,,,,
,do,not,start,at,rats,to,nod,,,
,,,,,,,,,,
,in,a,regal,age,ran,I,,,,
,,,,,,,,,,
,goddesses,so,pay,a,possessed,dog,,,,
,,,,,,,,,,
,war,distended,nets,I,draw,,,,,
,,,,,,,,,,
,live,dirt,up,a,sidetrack,carted,is,a,putrid,evil
,,,,,,,,,,
,regard,a,mere,mad,rager,,,,,
,,,,,,,,,,
,trade,ye,no,mere,moneyed,art,,,,
,,,,,,,,,,
,must,sell,at,tallest,sum,,,,,
,,,,,,,,,,
,ma,is,as,selfless,as,I,am,,,
,,,,,,,,,,
,never,odd,or,even,,,,,,
,,,,,,,,,,
,red,root,put,up,to,order,,,,
